Time,V1,V2,V3,V4,V5,V6,V7,V8,V9,V10,V11,V12,V13,V14,V15,V16,V17,V18,V19,V20,V21,V22,V23,V24,V25,V26,V27,V28,Amount
-0.5082547194910714,-1.2436755099107546,0.2632833130946958,1.116939135424854,-0.043083492172793045,-0.4520944720046262,-1.2121753041794092,0.2999615140600832,-0.2632138035633929,-1.1223726096880515,1.1566131866580844,1.5052855154889018,-1.4177640037997457,-0.7655067843086534,0.16777009094558704,1.2137564205528122,-0.5439761643370178,-0.9774671859333388,-1.1804056272418892,-0.6904692287249823,1.5463781446989693,0.21184510718244867,-1.2679494533126188,0.6346092627363207,0.26055533233829814,-0.38201852140879483,-2.681593997556699,0.7311292820995795,-0.42296135036249827,-1.9402959363880243
-0.7044950090752381,-1.204708365286866,-1.1462222771884414,0.7551922492806754,-1.0028178053956747,0.9017716355899926,0.8119755107097462,0.9125038748136731,0.7594261016603124,-0.1504933563074615,0.3067226586513701,-0.0018402448605149004,-1.6331927704868852,-0.267462180631348,0.8014083477157731,0.5862071646968172,0.7443918393952293,0.4045483950955958,1.2957154090510514,-0.6358841391751346,1.0895927979158264,-1.1344689444763412,0.2732360084623196,1.9966871322985813,0.5472208308610236,-1.0633714751691807,-0.21255790659971227,-1.7853197675943766,-0.8855346119016748,-0.4355967291208998
-0.04999372289688928,-0.31930158829875993,0.6580741577878635,-1.7045031736473508,1.634104226470039,0.36361236658043056,1.50626612412448,-0.4894823035278229,-0.13091948874195258,-0.3764942456484953,0.52287343944149,0.1779877180557215,-1.5097478318954676,0.1809986495936047,-0.595425063839726,0.7094764066240347,-0.03634196028571418,-0.6446591596152288,1.4218022008193203,0.6371286920610804,0.07350862480218967,-1.1298875533382684,1.5334412416890328,-0.9943530599147576,-1.2875124622930194,0.5591776202240724,-0.5278331021583766,0.8527417830418881,-1.006906258817854,0.23418514707988103
0.6970700678808532,-0.9664908523695672,1.035472173847837,1.288399117697957,-0.13959843536685995,1.9353586607745354,0.6531789182949667,0.6940163439945508,0.7232051213874215,0.6741555743624594,0.5078310006473781,-0.2142339637892463,0.07656428378681665,-0.32311778072493863,-1.009348713557041,-0.8616396819339056,-0.4768651516492828,-0.38544697031638225,-0.1798813804285157,0.7549943901155518,-0.6228238722620433,0.32220803923261654,2.1165096545359714,0.17615373075479465,2.3270845426699363,-0.7756033491641461,-1.4860913740020274,-0.7577449213742777,1.5479291648253333,-0.10151584511667293
-0.6274956204998204,0.12732551105469028,-1.0991032556379279,1.4165525403812596,-0.616884253724394,0.21077874648421754,0.2347463620477192,-1.3663581677657568,-0.055812226406555025,0.6001734486831731,1.7500235311548953,0.5330481845969052,1.3635004429962136,-0.41865037642359376,-0.5881966354639412,1.0265014376348975,0.4208666455151951,-0.3893008644685884,-1.2961316335520143,-0.42332793518083367,-0.11633014134880604,-1.152538219337335,-0.32589211140952384,-1.9722292882344212,0.010038984446782494,-1.1280880182083481,-0.3487924555967577,-0.70717367674549,0.4652484226280118,-1.6850025677407323
0.9270015325159081,1.322150649755946,-0.5947855970454883,2.399928664456537,0.32958315683407724,3.0481402506197206,2.7439117354981573,1.3875364191113835,1.3365717029674198,0.6572743911302132,1.2694298920125575,-0.7384924221419374,-1.0011647050374954,0.29431029308228096,0.9461783041660499,-0.17692033687696798,1.624095122180383,-0.3463020395031515,0.312660108992146,0.5569250200346634,0.8844177184344668,-1.0689294921426542,-0.4538646571747632,-0.05259513632706721,-1.29755517589223,0.25144991702721553,0.0710321363450835,-0.8393032646440752,0.9573795463724971,-0.3441760530215949
-0.6204047364907285,-0.28025282395771317,0.9668860165119371,0.18836288735137047,-1.9127694366836179,1.8741332019358272,1.4403836902937628,-1.8069744622308253,0.2835910572502675,0.9169268297038996,-0.47494088477679525,-0.49513894646900664,-0.2867566548561583,-0.5762096747477691,-0.23910345065489652,-1.2105575440972716,0.1891522100077981,1.0655237180618156,0.1495785547145558,-0.28084943868160095,-0.876923358951843,2.5793587994870006,-0.7487475425991037,1.3113333631418125,1.0401477616912873,-0.24430468484286477,0.27528007776773217,-0.6018838722498193,0.2036220071847548,-1.0021083266518827
-1.0193598993038535,1.1978120976708306,-0.12365288283300518,-0.8916843134294532,-0.9856013337984154,1.1597517589047905,-1.3411480909440878,0.9286372652442829,2.094676227206772,1.1143691214165958,0.09589845736795471,-1.3090159480930246,0.44247970425535715,1.0810768772714878,2.408121692164705,-0.007841369607493535,-0.8931653891634775,1.3546528838011866,0.6712322504063322,0.7459966297254481,1.8213153335596666,1.6461369657278946,-1.2154438093433226,-1.463565992621225,0.7615417692788394,-0.43021825295063754,0.05570922026355235,-2.189387323831418,1.177631492309482,-1.4113005658396676
0.619285970628433,-0.744130140362128,-1.0970548416896948,0.9168191008660087,0.8092933390817624,0.5508893307804645,1.4741598552217117,0.6139669351261214,-0.041811754260249565,1.7512039417941319,0.228338744641821,-0.04471621647566748,2.7386065044683394,1.2026566093065196,-0.7576676250115324,-0.8507834510502644,-0.8766700512299777,0.665752100983052,0.02705527749866069,0.9936536893275069,-1.5381461338434348,1.862700910566155,1.5174817441761765,-0.39833899857580335,-1.7485143754336205,-1.1870050368529368,0.3825587128710537,-1.3967132700268867,0.03740573929943729,0.7409841380044231
-0.5808432740427838,-0.5665098964397945,0.21349390546971309,-0.7183047213063077,-1.5024624904400359,0.788013954089614,-0.9222867530933655,0.10976148071945588,-0.7472975823170459,-0.18360598964034977,0.006891960799394217,-0.6528928548581435,-0.8490554874508054,0.6144653938024747,-1.063907570224095,1.6281255463303688,-0.5653179910371149,1.4822103302310008,-1.7168934598235617,-0.8553149125652089,-0.5182249381337164,-0.6154748433428284,1.0721711341652091,0.4588782472709241,-0.6008759089368033,-0.6440280493467018,0.4536434125093814,-0.9701883302472321,0.9760155012490638,0.1407259337119458
-1.0361720376161843,-0.6227907588690775,-2.741596383902162,0.5927063193229248,-0.9229748379986689,1.9464879118253582,-0.342788026526695,-0.7444512965698169,-0.34838476754311803,-1.0557568420187036,0.18884926052022213,-0.08778554150879046,-1.073982278038809,0.6740973106004413,-1.1937714125767884,-0.6780962269630993,1.5388203582547426,-0.5299307563007012,-0.19480038710557185,-0.20238439166122402,0.9205719830824495,1.0687889204082035,0.7627635710129473,1.1757236046633313,-1.2801070284587783,2.3988319937757145,-0.8996516876076874,-0.032956549792844854,1.1261487234945644,-0.595504363975549
1.0836645477461406,-1.028027325267298,-0.2657962641866027,0.14782519282433484,0.730249774410567,0.7867025382560277,1.2589222788811933,-0.9283369281717115,2.821984230349866,-0.09843620223905979,-0.6833055311563967,0.2335146285954613,-0.49926231953039873,-0.8714949473735778,-0.6228060231386467,0.7544616830435196,1.3165674788818602,-0.2855962244575246,-0.469939174169117,1.134367377933192,-0.26399393282690975,-0.9620241520430127,-1.7410014213702423,-0.09948390933986209,-0.31040409331876007,-0.4906124160529765,0.5862533057306334,1.0050267262817545,-0.056048980622007756,1.3032370415644194
-0.48521029172836766,1.4413782467698582,0.6162062565666233,-0.45998053281495793,1.53143036747357,0.34729429908371107,1.5754795325739515,-1.294321207246885,-0.721251590766422,0.9175100520967397,0.09786274125771544,1.9508522937681823,0.2727655622942048,-0.20395241585940468,0.18230958374056808,0.39847547334772904,0.9428312918967301,0.34260873223096955,-1.327617792667503,-0.7732199357047795,-1.1557744124931402,0.6593744118839111,0.1955001608289088,1.8229469427611609,-1.7013399635478779,1.8006323186487891,-0.35762796257071067,0.5331120711147957,-1.0875931056842882,-0.9256129814181492
-1.0731697897163541,-0.07383001099867453,-0.30665606609392004,1.8051222644297893,-1.396043896758326,-0.3551130677388643,2.3919947405987836,0.6011483687713913,1.1488219231376484,-0.4402348635113374,0.1588147824687397,2.4940960206350327,-0.12029898851478793,0.9591595616714111,0.9479285539205045,-0.31911914590510226,-1.3752945209701974,0.7343994498015622,0.36857223195362576,-0.6523332594620083,-0.595800010784372,-0.9252768523027811,-1.2407166580272075,1.2081567588773299,0.9955575379942595,-0.5388958876714278,1.0967876252114288,0.6003789213896542,0.33774099202730007,0.405675933993598
0.06511074098034175,1.4325255112090254,-0.31593144154630587,0.29527083632027573,0.3975076459072162,-1.1552881012085703,-1.3786904334735792,0.2815532638725929,-1.650087853355493,1.32734047113552,-0.11524190695545043,-0.568834873294831,-0.1724858202899952,-0.32795365352579336,0.2934903330493879,-0.07736137615218225,-1.3289101916220842,-1.815917523573288,0.12090200256247134,0.8305324984107545,0.6305929274544017,1.0660469728991429,-0.4687115938517332,-0.8808016359716002,-0.43133679341896697,1.1109783398598176,-0.4486669605049495,0.09892291573149291,2.0727358265825644,-0.007940540933075151
1.8084103565056404,0.6986565933322477,0.0837598821367622,-2.0221678980279596,0.8978062548334557,0.8993840136189942,-0.4703274668831172,0.055660993555767244,-0.1625486888222435,1.7024547971960302,0.9757015659274005,-0.9339766887187296,-0.7322495212593936,1.142667822249579,0.11721554250926258,0.7823957506809903,0.34164796678628745,-1.4505495714916363,-1.2936605119636824,-1.2006148353017545,0.6495072294516762,-0.150479041725715,-0.9781658454537999,-0.08182856090524177,-0.48934921348674537,1.3654605004751432,0.31527090756140863,-0.9893246961870118,0.34887109981769154,-0.1794141213450588
0.3529021794953356,-0.06316146393115031,-0.3886746461742152,-0.8427647271354272,0.7831200558495885,0.5305004404165489,-0.8165283471691833,-0.7297721902201241,1.8420707815919986,1.289875258306909,0.5021846618076724,0.12295275254834488,0.2452096278923084,0.6485970767982705,-0.9155853114736592,-2.56773347723057,-0.5693185423857811,-1.023312855188628,-0.1194014607457743,0.11405754543201797,-0.703133153767911,-0.8127002948299435,-2.105738219272182,-0.3023439465638842,-1.2570240227369027,2.567446133101104,0.2601726881358861,-1.4297887503391906,0.012044028557893565,0.70474309245529
-0.7981470634601502,0.03804510321302644,1.9390778453333462,0.3025077286757829,0.4585253900959601,0.5722347439958589,-1.6822769895908738,0.9814090134443819,-0.37243455717782026,-1.186275922632835,-0.3532988357561551,1.3906962619495857,0.23558829106223605,0.16552792935931923,-0.8441099936994589,-0.6181333290594474,-1.3100464108318732,-1.1924937415152197,1.2404623799596393,-1.3887864762411095,0.09593570814658646,1.2734762648009064,-2.162728522328769,0.44805645352529255,-0.6091404238013183,0.5814425035563178,0.6626205380974374,-1.452515515106621,1.2955961646789966,0.40583582124019896
-0.9668996881859777,-1.844940780429848,0.8571225535281557,-0.3609626323108644,0.3396113055290458,1.0528590602178383,0.09321038323657621,-0.7960298932681298,-1.7102376154320094,0.16066802694804588,1.232948786532271,1.6412655615399097,-0.2989440862839794,-1.079108197719426,2.2023991084174366,-0.4736364639982519,-0.4987375475226757,1.5701573113129241,-1.8027356257041038,0.26179615811761847,-0.23201131467992933,0.20649545154666596,0.30281247383133,-0.2699912227081817,0.36667902328468366,0.8285080281914606,-0.8650778127044206,1.3598638377183943,0.17892652736978557,-0.3689891922272132
-1.849071764118952,0.5550061065660289,0.5880259788777515,0.9919818667159376,0.4836891771324818,0.1792334334706404,-1.726762116789122,-0.6365979314978842,-0.7839834748415211,-0.7557935578450602,0.967123371964558,-0.358618161295208,-0.6486639520427927,-0.14355847706335792,0.27739776394005455,-0.6811670413828693,0.9663574317841958,-0.041906698158556195,-0.24715935820240104,-0.6561645972626516,0.8183903189564876,0.2613389604683592,-0.7437068319727663,0.636864310534474,0.10755116702882095,0.5865465662497685,1.112217461279088,0.17673058590646465,-1.2684561845739173,0.3817029512027333
-0.9571439795441992,0.12529167639741617,-0.00778807917261325,1.0736785005673943,0.9982072881088425,-1.2283829855934112,0.05263989970706068,0.28650496479779963,-1.5770047545866481,0.07241700619541673,-0.09723913580803338,0.36639805582374096,-1.3679716380436637,-1.3382481346992432,-0.20541905883524184,0.08545416001530501,1.0590074703264205,1.506679414598362,-2.424601307400091,-1.3214549503144228,-0.6283605263427153,0.21737422712831186,-0.6234400561346697,0.1431518105250545,0.8552825139936432,-0.33376891874341735,0.35889560985258656,0.02852842990463591,0.9411731788935044,1.0521037940405102
0.8773522068810924,0.27244058745544797,0.15038074485532724,0.626141298565017,3.0405976981223546,0.735784524628239,-0.6118948058409832,0.717525233164881,0.8430666974996437,-1.00745639338187,0.5812563405890675,0.45894187946740655,-0.7231042678882444,-0.7423447700921691,-0.013942735849104835,-0.0362875949379441,1.1037031938111974,0.3643029851549356,2.657103214345054,0.9172325536675272,0.5560731066340597,-1.5539405120135446,0.8247248098952321,1.1377986182980346,-2.0969656727297714,-1.956222097979198,-1.161410224830992,2.0104148796398964,-0.501690295081421,0.748875164685179
-0.5665596075359678,-1.554082704482521,0.30738868233868044,0.43661610948237445,-0.3164116121417589,-1.008817373960094,-0.36064775246225234,0.9914949691478041,0.5434882743852676,-0.06730551106607854,0.7362913126896765,-0.21539667803799917,0.6542312136227,0.46031862918146077,-1.160301957129773,-1.5446632656128914,1.4943994992530687,-0.7009533412688137,-0.2690559424892589,-0.8511309051831165,-0.057910862062201605,-0.7544359940562513,0.9588459398322121,-0.8168355481228488,-1.164441014887753,0.14271518597655444,-0.1856413860387176,2.1614291380241655,-1.0703317528694551,-1.565014765488744
0.7783300112809189,-1.8581721658012813,-0.014367221468145511,-0.7288350200852997,-0.6991471989411242,-0.4425317802165649,-0.27965842902457233,-0.7481220561779278,0.5832562185956892,-0.5790426374791121,-0.9930263050545466,0.7385597601925705,-0.17242733329738522,3.851820596926962,-0.5877405540457047,-3.6147263321951613,-0.5915874683359976,-0.17694741744221107,0.39768405394512685,-1.842158164821111,0.35978491130959517,-0.13119045970698803,0.31946499478637325,0.1818445739488684,-1.5869648506523877,1.7105853024402142,-0.9752521601979317,-0.29028030022350426,0.38480657237664473,0.6989690518382022
-0.008148455480562075,-1.0694051287697863,-0.3861727725829387,0.6159221163280186,-0.03928833425808232,0.28817679665172413,-1.972644637137284,0.6141235528263622,-0.40129601062740977,-0.09064998745746106,-0.2926205851954653,0.5691900872306165,0.448292997431047,1.330462490042016,-0.8548559281485475,-1.2917069358943403,-0.3080543030911314,0.5458116311556166,0.029049389279651058,0.15894562819312294,-0.20410220100073276,-0.9853195130284566,0.5163382758505154,0.46231323888323694,-1.0596063264462197,-0.8374391963846457,-1.5514887536282156,1.6586733125075874,-0.3395542439421118,-1.2961838615119545
-1.7693326542518955,-1.9422860745019161,0.5553483103530575,-1.914540305824829,0.07049481734015321,0.7244965339893182,-0.6678890008009439,-0.1311740171163127,1.2770365421631524,0.06395913089583866,0.13197534982049658,0.6716918708963644,-0.022851450328584478,0.04889263561543433,-2.8645803355557558,0.6854356818518997,0.8071442521827557,-0.39400490458122395,-0.5233008860766071,0.316216346746454,0.656639184473368,1.3006543606081453,-0.3711465245250306,3.0939549328059646,-0.3537207428531004,-1.0558155824396513,0.8581069797063575,0.4004571147730058,-0.43538910910301876,0.2864881547011651
-1.2275270128806999,0.9514174591345893,0.2544345622435759,1.1241772080472687,0.7145399126707683,-0.27372732451173165,0.17988513985989368,-0.4144649789431931,-0.39723305942329956,0.03226093863801762,0.5201269921573064,1.5082353396471193,-0.7195670613278703,-2.0878332363187613,1.6311487592227556,-0.7884977708494015,-0.7149516162556199,-1.1311478070385876,-1.3236695062080834,-0.8250526937619911,-0.050224728178156805,1.5092828015648392,0.5802936873592004,-0.7549489310402596,0.7596328402401772,0.12307759983531243,0.297748960665881,1.743377058399926,-0.18629238287932812,1.2339562022817043
1.3577760905044902,-0.5767283953443635,0.2677277753786311,-0.6408334214437337,1.030886931129969,0.035965286429727836,0.12694419689290376,-0.8600673377551344,1.9031913629911619,0.5684712667441439,-1.1243347211255568,-1.9219295990090843,0.7363216870572801,2.137415511061558,0.2803052985592991,-0.5864660537686762,0.2660411129654033,0.6660027938408423,1.802464699437969,-0.4143726334484058,-1.2172588456219795,-2.260355046190128,-0.10674740027255704,2.3127419444694306,-0.704968844092887,-0.01859484774946867,-1.9453802736676904,-1.1960093274188743,0.503311869566113,0.1310905384094399
-0.4403509120905267,-2.0022664099420724,-0.7436468406889368,1.7449958809854182,0.3637892382860845,0.5534960079828023,-0.13095371328816563,-0.76528046724098,-0.4448925896912498,1.4436491366796307,-1.0865483972876382,-2.2445607685355906,0.6529493157059275,0.2658262696245574,-0.7107311439332045,1.0111152748242693,-0.997548984012998,1.3929103334536859,0.1981455675679673,-1.3573441830226014,1.7060654684200076,0.15041846208121198,0.23947050293976088,0.17265703787107825,0.13062247176270633,-0.15981924864684086,-1.70254505927904,-0.5891525008896764,-0.920578223728629,1.271689626045574
-0.3746689704377341,0.020715597479242943,-0.9538807575106721,0.15388101393058645,-0.037052359445368215,-0.44752039824438783,-1.4260939337521659,1.5620750922251676,1.1031912627287912,1.1261275346164208,-0.15366511357952864,0.3766259674485074,-0.34040152001528023,0.9086514943505102,0.20220389114623874,0.7271830429391869,0.39148425643789275,0.11044887498970496,0.2638604185926393,-0.44305034179276814,0.294132465278191,-0.8011768465590221,-1.1384607930411559,-0.10679110478433235,1.4876234702119684,-2.2534097542575404,-0.1711970265456383,1.1806641216052771,0.5427961768885957,-0.3700816616919206
1.1851036382711786,-0.6692136898251528,1.6963993140301796,0.42080430973481253,-0.4195624856552056,-1.035012238168791,0.8269579077391622,-0.4861261430948477,0.2029603232898841,-0.008228675943216527,1.1494865325975414,0.18576673286268502,0.660525299072333,-1.8055574262424472,-0.23378197970553147,-0.3674785451030739,-0.856113881288677,0.7055876517999297,-0.4414561222282418,0.06494083977144956,0.08278360401824925,0.7917375669130917,1.1013680948465157,1.0415432353431642,-0.1491496346382553,-0.8565529303445479,-0.34004744928246144,-1.175088842555037,-1.6478222872191934,-0.6683456086762679
1.781158245402474,0.49465145469793903,-0.5150599951853074,0.7165198107444017,-0.25880432528682723,1.6031675325616586,-0.4101404115709433,0.4853738792890689,0.6059635371163178,-0.33933292293760614,-1.259324398271102,-0.03901934936910498,0.09549733190073056,1.2769046813717013,1.115892328499288,-1.6336882266053845,0.4983171016275182,-0.8289629448985602,-1.4098848762965137,-0.7314036000793261,-0.9351522819239563,-1.0806973153768789,-1.0644952176760465,0.1527187860891733,1.474491055463371,0.41621856293357684,-2.424380906059805,-0.5472560778010551,0.9387834449856948,0.7184255864053869
0.12353169622191017,1.715635932662553,-0.469479829390108,-1.28482891300782,-0.4709889823847914,0.03411029429910524,0.6084319868982905,-0.8561846705517732,-1.7038734357939902,-1.00065723781374,0.2751906613532611,0.33829244674849146,0.3232237071280822,1.9674672430936695,-1.3442339082667973,-0.22999312859766508,-1.3453207241166407,-1.340422369101701,0.524188228724708,-0.2604796037672363,1.0604316772764906,0.050943236126974475,-2.0399601346372833,-0.30818895846507005,-0.09081446079350261,1.1347242015305468,-0.18921178910807662,-0.4608398176035593,-0.28086267250837393,0.6210558273795993
0.3717766037301005,1.0184908316321624,-0.5130331746141439,0.7271070427688501,0.6365773883017917,-0.23827751125138036,-0.5444677127444867,-0.5789543455753788,-0.464624418946059,-2.3665521926431965,-1.3659048083716872,-0.2081401025955805,-0.8446550984245934,0.18113881258349687,-0.11325716878419671,-1.1927531619543257,0.6591183288175684,0.7997764420052762,-0.9434654099556979,0.3789094844297227,0.2701166400025517,0.29017087220780785,1.7385690238832003,-0.24581330690282657,0.011665967488814275,-0.7095746806944939,-0.4537628834742091,1.3027408281065171,1.0646168412484291,-0.28909589349085285
-0.7326945848924478,-0.31623470940673226,1.1867194281703954,-0.3547736954953274,1.980966950055634,0.3132107514750811,-1.3216561687812547,-0.18024194216751518,-0.451009985699845,0.4840342712976744,-0.31474309041469983,-0.20995688490648381,-0.09189104818066099,-1.11321014977688,-0.2856032672191168,0.1324764383037974,-1.2492876230720598,-1.6263834780411561,1.8025717862278117,-0.6440869755349317,-0.51678652315454,-1.355662731330694,-0.9202332186400911,-0.05275281932778379,2.4740323803588327,0.32274133461514176,-0.06567988141684684,-1.8053035925925667,-1.0519546214969988,-0.226224988115984
-0.34799458388795784,-0.5003072223257055,-0.547213178224887,-0.2442603682003685,0.06596059550051703,-0.56065740337009,-0.7928971898933128,0.655808288516898,-1.644048861782397,2.1749437350724343,-1.058402147376892,-0.3787230114471484,-0.450644356534657,0.26669400583865827,1.1568921629994688,0.742909434462824,-0.4302577341182114,0.09873954046023277,1.4144791671487975,-1.014813728944983,-1.4615001703863344,1.6506758150682377,0.6308050565537829,-0.4692248633883202,0.43488649271145535,0.5098129658425995,-0.08333462651780425,-0.05757368795806338,0.3842058069167694,0.7135984728307729
0.7384895676867794,-0.2591483374368696,1.2611656538866323,1.3063951815190833,1.303103981100199,0.2054787726621343,-0.3373085827034127,0.3848408039605527,1.1884657581521112,1.489637922803774,0.2990505750151897,0.10598293089333262,0.5898320960617456,0.11550751610263686,-1.510843622778147,-0.8841974930032657,-0.5987784541431431,0.6158409771950358,0.35951517450997444,0.49758728335437613,-0.6127536692449231,-1.0884663961181311,-0.31301017126189884,-0.08446368707049201,0.5562599920901313,-0.11173342517315622,0.5092337888652286,-0.042426125931334366,1.3089509936333183,-0.8401279394117104
0.6307675703302413,0.4842361468568164,-0.11548733401723765,0.9656380154106645,-0.32530532380538024,1.2527232213460928,0.7127218221224552,0.6880497648549377,0.742867165520344,-0.4050951627296916,-0.8380668357465831,-1.475808074647915,-1.2726210943895655,0.3307724713615708,-0.8262282021556213,2.1444635287670426,-1.5466835905277219,-0.25132546686795937,-0.20801961572226946,0.47953043168260223,-0.16052954023598506,0.11530982948002427,0.20930129838318837,-1.2449566421136415,1.2601991149881333,-0.0673592085982466,0.2578306029565356,-0.009983768378078703,-1.4770747411958038,-1.2071227684710633
0.37697263829406,-1.1367296502829172,0.2295148827832892,0.34450799610600136,0.8813803776994837,0.09038934390283829,0.8170700957280972,-0.3710471358003483,1.882975719122405,0.9225850564221957,0.1871869363407099,-0.49540456774834635,-1.9263132306471717,-0.1967755010184802,-1.6900762075367746,-0.7058073160625793,-1.9453989543488688,-0.22912297908334744,-0.012866924487637746,-0.15970053481687072,-2.4287146192003024,-0.30926748889895345,0.05735015874024696,0.8532629051343473,-1.2256048753470885,-0.6638822452839197,0.3849299713582423,1.4791204808994278,-0.8652579861118915,-0.12246189034524245
0.9568659890482261,1.214385418416508,-0.6376826462095984,-0.4608273079598297,0.5991312114703663,1.3388618170405855,-1.5829235392104195,-0.20255522516310664,-2.0698178380817818,1.086937224711756,-1.0613063135703105,-0.4890004391959099,0.7511470484086944,-1.2152550695013422,0.40669753745727566,-0.10525894692605335,0.6973484946680201,-0.4945374875624976,0.7252542069767428,-0.7740738823496891,0.0650816815851084,-0.7217860067994899,1.4029919449367583,1.491381801112596,-0.22773393016932994,0.41681138851721083,0.48745030630917535,-0.8278943657870824,0.2700039013558036,-1.0985472586738874
2.6599804932011932,0.4621519787402264,-0.24435013944231687,1.0393976417939461,-0.4004458182577916,1.030413313064147,-1.431157152321876,-1.3149326104600847,0.32269364904293935,1.042928451989888,-1.7849972517562154,-0.2907315526992883,-0.15614769355484603,-0.7929753914226464,0.2358927159404679,-1.4105831549369001,-0.7508777152295772,-2.582564931411211,-0.5391136391270508,-0.8593292785090388,-0.37746584201534694,1.074744217833249,-0.16737178834303693,0.4492414534640038,1.293367418279352,-0.24309912949583545,-0.09919100607587508,0.4624291838906324,0.041072405561466796,0.6253164580093448
1.0330623140322919,-1.111118282488243,-1.0900310675412415,-0.16597052211897248,0.4394676503789066,-1.1212376074177934,0.18675233774607394,-0.16527189038278034,-0.43335068869695637,0.46286202272047583,-1.0454950779987897,0.23303388239548306,0.1293328031483578,-0.03882534669339612,0.4763943744873377,0.2832463246581984,-1.24210358329942,-1.1159640983949637,1.9002026143050847,0.26582541396787573,-1.2936474489610281,1.192619803366993,2.6177772828416837,1.3419699706313122,-0.040962473594462846,0.4958832549892351,-0.07448398134069172,-0.004201902945706949,-0.14234586415438683,-0.15933154397240035
-0.8319375978656337,-0.8995807605551236,0.28920145993013424,-0.5985606735898918,-0.3831423694012658,-0.3430176782900567,-1.3893781943374475,-1.2756047737974483,-2.0008860101557278,0.873956499095537,0.02036690560301541,-1.0238175746377853,1.3108675669070602,0.3674281805725208,0.1699484662515044,-1.0997908785586166,0.9569010797110842,0.2375147316030354,1.2218830624707535,0.11130229248050733,1.162414284460442,1.7502549026903544,0.021754708555087827,-0.5951482854018617,-2.535398081605694,1.3942408558107453,0.9609110063905208,0.4774358384024646,-0.3094058244050866,-0.7528570925706635
-0.010293448000021849,1.025050845615721,0.22615917358468626,-0.6696730025793121,0.06030802769462388,-0.7286131194895983,-0.7254089345384266,0.9086269159658557,-0.8500289268292737,0.09871095559293569,1.7450470439033772,0.8047361658478388,0.8905954865336404,-0.34361139955587755,0.5126670508598553,0.29961870520998884,0.3878490683132127,0.126232867313876,0.4305200243897976,1.2471306093758456,0.7162782270974514,0.5774279038764987,-0.2699432128004577,1.3130948355850127,1.2791055476548263,0.5467326526156404,1.1394176969459509,-0.35815074728305835,1.9575405872639655,0.14933477671064263
-0.1716058629474382,-0.6210108436947113,1.2983980334573335,0.5455189601834142,-0.9982627940797945,0.9033054614762404,-1.0796933029604494,0.06965907463028455,-1.3328966815704266,1.015058332129434,-0.022104212251359064,0.1452236724042017,0.9127753253031775,2.2604017378229644,0.6450744959536204,-0.8179442292331024,-0.1002787943478827,0.3664520061268487,1.0218469616174402,-0.4351955791072151,0.46203791864920024,0.5028981483696862,-0.3444986444778648,-0.6653670355780977,-0.5083353707059014,1.5728661284174568,0.629890116314046,0.05163213990933002,-1.2044581791977649,-0.8868753508867013
0.8285972389772513,1.6062236599000475,-0.5857254714507565,0.2188195530370271,0.610113982404653,0.33296468623830616,-1.5539370983632297,0.015360246215751142,-0.9907766995718772,-0.9384840592185576,0.9060743749719984,2.0419211248866,-0.5967508174193769,0.09581019828816628,0.988449528030825,0.6684302628642323,-1.4788302528190966,0.6818109799268217,0.41375505412109986,2.374782192664622,-0.39494788736941044,0.00843474336698659,0.20236096398781478,-0.22709054676659784,-0.9538080335775759,-0.019682201992004437,-0.9261897107747605,1.511928744524346,-0.40569410195778494,0.9365087833460628
0.4034174779893354,1.2804271805280165,0.2106015324348609,-0.3544708612885442,-1.666009166316335,-0.649123596782454,1.8437864626115958,-0.030241220118905163,-0.06372359090579513,-1.1028399816065293,-0.6862641695627026,0.2669009919983296,-1.2720835529005508,-0.1513903920870875,-1.0652763056300874,-1.2107386541037677,-0.2861055225106708,-1.2737034503697229,2.677039603261406,-0.35060162062101896,0.6801083922940111,0.29524598855846185,-0.09139827692778946,0.1617142081882036,-0.7056373946108452,-1.0351815539102058,-1.2621182869334966,0.2910616541106556,0.8567276577394266,0.18126979077915914
-1.3430013121055264,-0.8690353747721294,-1.1525691201746457,0.42791738411761854,2.0623643844331,1.4677848264824975,0.020861957086197955,0.5469960356111893,0.28896286083036204,0.417028733943853,0.18520835097912305,-3.246866645877123,0.15035962839496125,-1.179259862592423,-1.6807054843310596,-0.6690325708176668,-1.0099360617550976,-0.09537627214555745,0.3008473219717658,1.2097704888513137,0.415329884538623,1.3266172068663964,0.47519485490605934,-0.5569925933322407,-0.7189152789819937,-1.986897188023237,1.1255174872977476,-0.06843108279868429,-1.0831370397438016,-0.1279531871525459
-0.9263733066311359,0.5405375458380334,0.35386085392924715,-0.21652535945792317,-0.6871194982701921,-0.976647882194562,-0.3091316365980285,1.7606410027050325,0.0775577075651718,-0.6030916662352095,0.7510204490277206,-0.5027664687000389,-2.0839926123024206,0.3495676803332222,0.3192511332279455,-0.49019295047697076,0.4811283153539903,1.0145894168498477,-2.3350950995754896,1.3113932635107608,-0.6344217292475524,-0.05246392987708625,0.3474819777847727,-0.4494630126648184,-0.7114029755832194,-1.978656960217009,-0.47947480910595813,-0.5138844314888342,0.2932501896429049,0.253439513297563
0.23281131695946342,-1.1827963354436766,0.13021364479583594,0.5967130288786069,-0.42176054466907065,1.223322228019601,0.621767773646091,0.8275386373845013,0.22058129322223324,-0.09094756341038883,-0.22425543882308932,0.804243870401742,0.6106786801383092,0.9864801696083625,-0.23987089241757642,0.973063165631218,-0.24166445816433935,-0.13925150341641018,1.6271917950100425,1.3975965117108928,-0.25525964281065966,-1.381459838459974,-0.3245884424333311,-0.2665212804900858,-2.1820670744785478,0.7036155851636527,-1.0124741086964886,-1.6879697597317407,-0.28732630983236845,0.09318788909446245
-2.489581371703971,-0.571303022634633,0.3239128520993169,0.5385315087009347,-1.2011469105915895,0.10765789241868276,-0.1134226980437664,-1.0793115269192042,1.020751016431533,1.2010717399138346,0.3395941592947494,0.40301084884766253,-1.1279962893277369,1.622723635382615,-0.49629623121390715,0.3901762707922101,-1.0360342267957448,-0.24276466515552395,0.9804444436789993,0.3693572541000636,-1.604651233352178,-0.8663051015752303,0.6110008164498205,-1.3485113416912096,-0.3645556542085691,-0.8351664835843845,-1.429607197648578,0.5100610706393335,-0.704211577147261,0.14738013631291463
1.215723235398049,0.09232766173382846,0.9582506950945594,-0.12467540207993157,0.2366376477449474,0.09114400772018723,0.6331711494425651,-0.455086823836184,-0.09923015570522316,0.8616008074549293,0.6835773109489635,-0.06910462935308984,-3.3691114386721943,-1.5432425361046989,0.5587096224584062,-0.404192420726482,-1.112834388499075,-1.3217831723747968,-0.787176002240511,-0.33287816144158666,0.7710971475927708,0.5984252372766251,0.31139254177748865,0.5138107318943071,-0.7409430706553766,0.17044915591116513,0.6008750831232875,0.5882316768497171,0.1546440156095543,-0.974889265045358
-0.6484343293440555,0.3963194566046678,-1.4813469185858001,-0.10730345197685115,-0.6554140114163222,-0.08246880222334203,-0.17268766394253576,-0.30478997600596414,-1.0380842337620717,-1.0130076818250757,-0.31171516722581166,-1.0070487957583774,1.0122655287052018,0.2024141546790711,-0.875950993133136,0.6709489517500292,0.41122765828014834,-0.9814188326794089,-0.4820734050073758,-0.25919773357558545,-1.1947735786432963,0.7580179870796013,0.2309298816749306,-1.1061540511173855,2.067604803891364,-0.4267852565199454,-1.1368244734455824,-0.6601066340674295,-1.16326109626257,-0.020030057900420145
-0.8842047249647097,-1.1147503766343345,-0.7181119542301815,0.3761030753894922,-0.5271861980195879,-0.7692403985747502,-0.044439759891923385,-0.905697888236942,-0.15059279278195797,0.37349488751799276,-1.4615954199718655,-0.11235556459051205,0.22624454452027876,-0.9765450029094861,-0.4228770153658172,-0.7410095268365956,-0.1439266139365594,0.1638523721634676,1.1330265842454061,0.10745007923221006,-0.5185577429871149,-0.12236172284327276,-0.5161862044248633,-0.5350407648134299,-0.9782442313200755,-0.7933367230179569,-0.4211991797450958,1.6572106050587712,0.5382152612659266,-1.3538575054697926
-2.010721111706344,-1.16977644158342,-1.6194414122858913,0.7797922109085479,-1.0768167633461696,-0.23607710200050203,1.4745515198345966,1.2653486137451107,-3.3195068415936637,-0.46302353903908633,-0.37331339700235555,-0.0703602148040039,-0.9655980101451195,-1.1005993773465463,0.23802222953620397,-0.48971294027733675,-1.001397274162239,-1.2808039074902255,0.30977859300566346,-0.07852947058613334,1.7118128000937625,-1.4801293941029903,0.72398508772076,-0.8026442271751069,-0.11022845372144538,-0.8368017101449098,-0.9728715169609762,0.1488699490894853,0.388000003544444,0.9215019653775672
-0.22834739148648162,0.6532280235538654,-1.0602098924257735,-1.6134352896320787,-1.5271658096946312,-1.3353514485343114,0.6397593660545928,-0.4435641191125577,1.2473876548397989,-1.3404459588088207,-0.4840916111646557,0.834608624122631,2.0257640775283816,-0.7457554782866791,-0.12084446319314528,-2.0378050898403024,-2.751916099501726,0.04510728483074207,0.09722335852400546,0.06899888524054305,1.236250602219617,-0.26309618383774636,0.25908353502630105,-0.42533701879333763,0.9289880935039657,-0.4199611227697544,-0.9721070550762505,-1.2515624274278712,-1.0553372022071836,0.1271484649717943
-0.3977740553313004,-2.1238460672439015,1.2029313816094755,-1.4511258905733224,-1.737733255932238,-0.047593136419862535,-0.2659459858806395,-0.7351106137000335,0.06654322399603348,-2.250588491315579,-1.1886985143826625,-0.16810178301493556,-1.2901149492443458,1.2464797953226856,0.06515906436687384,-0.2723338163594535,0.18875704656092032,0.5821010085415613,-0.2895513315789639,-0.995170258585522,-0.5683299164639875,1.0976570460148627,2.2752537286508554,1.3889180461759632,-0.34241305261807115,0.7494994579522862,0.28538773460095607,0.4227566802851096,-0.3168791351928993,-0.23257523834976232
-0.17632661166205685,0.15875266029044732,3.057131269960648,-2.635283759531986,1.041364780366378,-0.11611801152054034,-0.5245954158602141,0.20362403767453235,-0.05771986254746851,1.7775889574872126,0.7102761571248934,0.3409285263888716,0.2911315591798853,0.6069245765049537,0.23085597431714677,0.2015083306612649,-0.544933298373461,1.6539866720188992,-1.396702226464121,1.343077245612619,0.3410540922354409,-1.2410101646426979,0.4217955478325204,-0.6512715444627382,-0.47608808453120494,-1.7057322737819292,-0.7983284240466574,0.20848842542709584,0.4153255526772618,0.48183998933972394
0.7067796553415596,1.8608023399345923,1.3363878945644996,0.28549341314953064,0.25815062239076497,-0.33573774775917753,-1.1573238709260967,1.503283240264565,1.9886177754208205,-0.39605545396589276,1.5514031148304757,1.3353111841554695,-1.8063632211293572,0.3294206938561214,1.6221714714709528,-1.3916675478036795,0.5983285437636308,1.9665685168753284,-1.8976280584774161,-1.2770811336964047,-0.38312987341993243,0.41493073396485214,-0.7385396301332565,-0.7598756531340419,0.14137167606294693,0.5323156967816307,-0.43309088161446424,-0.5910222611719997,-0.08068500835721243,-1.012089757107054
-0.5457602753238513,0.03933725157978156,2.1708414090450208,2.168885417029716,-2.018367554487349,0.25064362965348097,0.38989874247357753,1.186672124609766,-0.19006438483219126,0.5617262987496465,-0.044058146305409954,-0.4384527161699213,2.0682913120925934,1.6236306350537903,-0.6968928293022525,-0.5041366246753808,-1.2676600405544378,-1.1474685311894786,1.1375363207621478,0.7971096514841428,0.3988317937151178,1.2183968471748972,-0.7609982641807708,0.8457261887756119,-0.43184323628558446,-1.4790608866131132,-0.7454002149690586,1.8091524777473218,1.2908682025864833,0.8007780997559036
0.9326212083856155,1.4842681275604404,0.13476192654102856,-0.9245005071018273,1.0282348086796107,0.5909971799015832,-2.061407283647414,-0.8761352840363732,-0.4384872972007374,0.43773888692962565,0.6655769273700113,-0.1506031736729775,0.8095199636355999,0.29049391603868696,-0.6411358332140791,0.11875251916611416,1.4587985867059685,2.2392166722157825,-0.6363700203762335,1.6611504671055735,0.8188579470512569,0.9071333155503497,-1.7516240029972416,0.4311444474498613,0.7254828061391645,-0.3371238786489861,-1.225946922439008,-0.14999883293530933,2.2981178559717934,0.4936843714128815
0.13785136818088767,0.706220877060324,0.04677113015675856,-0.17708767896146219,0.4580465503985806,0.408096808123634,0.8313718329422545,0.39698518252545534,1.5139573024649082,-0.8868275010574894,2.0654359920417056,2.0484851011242617,0.2604894067128655,1.6838709882320766,-1.4947591671470173,1.1686742040918352,1.8799937230023367,-1.390253333617452,0.43792452554985967,0.21841625355689429,0.18583474422010116,0.6420856768107617,-0.5977791967392508,-0.40379879986452416,-0.49020808835120505,-0.4750040882099698,-0.7453826168315045,-0.9802219094321462,-0.7106111216771342,0.8660666455992552
0.3588431002875146,0.621904264788428,0.3295734900179737,-0.71676247640417,0.6450445787866186,1.9184443212135582,-2.0776115953820016,-0.5337922829620252,0.031229445340844503,-1.0522428981197771,-0.4379924424465567,0.6235394919157822,2.4616618036012192,-0.002253486588215314,-0.10553401310216634,-0.5470647442819896,-0.32564572658317853,-0.6584104655918263,0.5373253512590526,2.1262427410605644,-0.4971153760931442,-0.21443083603399218,0.9133632392808666,-1.2584501939482964,0.994379258314861,-1.3635349754010342,2.391348595322431,0.01211502062487926,-0.43184254492636176,0.4430596803242452
-0.7981009186513061,-2.0687120616687453,2.6614891874447566,-0.2734475992115481,-0.29017039241790626,0.834382178905181,-3.0674916045660425,-0.19881942003702355,-1.9569353566288141,-0.2987603967589279,1.9026017746447357,1.7260133830277504,-0.12785285859350148,-0.3774691218015167,0.09389373039724365,-1.5974735488114293,0.37589074667945443,0.7967157546776235,0.42742543107243763,0.4624421291971867,2.1733677903390554,-0.09134216916134259,1.0314805460146361,0.9507557173192942,-0.1357883602092812,-0.11705633840071089,0.7217653992505492,-0.30050235111148765,-0.4566009571493989,0.18919542428115016
1.7884523653905484,0.9875867970892107,-2.241001178132636,-1.0698452846040334,2.234129748178801,0.2217037627485306,1.7982494278520957,-0.868568657941513,-1.4451496458751067,-1.1705956071105432,-0.8083393693532307,-0.1322741867905593,0.1285232042345937,-0.28442211226634934,-1.0588759179417813,2.1047265643378994,-0.8719796020860926,0.18334661987698042,-0.5356899335029919,0.9926675315147881,0.10308912940515008,-1.3895678627550467,1.1579951210481614,-0.08998498969586564,0.08518963320040016,0.2684005798096949,0.5047914573248261,-1.17903436400241,0.49133961402202453,0.767981999850907
-0.1561482816071984,0.4344534594266681,0.4954590419392953,1.9487601018306728,-0.6687576968159754,-0.9803752494978281,0.7545362161085183,-0.21701691748262666,-0.00923188495028008,0.46778683330289567,0.35018170074458105,2.0084751473349645,0.1252083707928345,0.6691547658489362,0.9502350298418398,1.1610305717201386,0.1521446803190481,0.08981106109526607,-0.9490996560046773,0.6837195960261303,-0.5295279710788138,-1.1765011720301468,-0.47811450817567275,-0.37733073439491827,0.24649654412365046,0.08744610611767499,-0.6337409895257612,-0.4417926527460198,0.7279915081130751,-0.12475171897926011
1.7596808142256277,0.8267339699716693,-0.2983539168695238,0.05649109398823652,0.7498955370120003,-0.0730837599430816,0.9344761735999825,-0.5036000429393358,0.9275499928940468,0.30535073796612705,0.43557217094562495,-0.25197439109239617,-0.15187068117805913,0.09842174523132155,-1.0210144947478401,1.095877441829769,-0.6846387276823773,-0.09101574018757819,0.5905365255398051,0.19104985443826195,-0.6227264529678574,0.3844364511145051,-0.40189802690739185,-0.0336864338605601,-0.2483540164310078,-0.5584525291339792,0.3350134000788355,1.0981521716686498,0.5300290753965309,0.857523787587818
1.5162361760101917,-2.5856992185162047,1.204317058121322,-0.04817844799721889,1.2672459178150082,1.0234678065684415,1.0820053146022774,-0.5147224888678367,0.35938325627484335,0.8624325905489689,-0.9050329775827256,0.08957919164043092,1.5825428435276765,0.16997579069305935,-1.2648744945493573,1.6645161363395449,0.29953467415708124,-0.23892065988318184,-2.6857238619601183,0.6148781001422241,1.8644905711848654,0.8536285952235305,-0.8557666980621695,1.6737020924943153,-0.7924664888587906,-0.29387317011968,0.45549125622164105,1.1944747294559352,-1.351970309888429,-1.4268449817256195
2.170100509482727,-2.478122176272259,0.6617220086657203,0.1811662055957514,1.3892880840038682,-0.5290804985094117,-0.020784164229908367,0.6624250314013368,-1.5198110414006256,-1.4944866368694423,0.20279944315964554,0.34706360311671963,0.8218955694423316,1.6094703204412173,0.4407377607783048,-0.8103164078977584,0.01099340919995135,-0.27673280335020756,0.8831867472567483,-0.2694460091290931,0.0016603470686017351,-0.9524105284098456,0.48937912544586853,-0.15450221556396632,0.6307762276396394,-0.12667955328025537,1.5924146502826464,-0.10783127214930313,-0.9298279007389837,-0.34296561395683617
-0.42787046567624004,-0.6983670430606479,-0.42281632907499106,0.43554296786870644,-0.4739537745673885,2.656885332815329,1.577805690078795,0.13783970083710198,-1.1544044358689396,1.4328174055807403,-1.1793074521764342,0.7071145938541842,2.0335803194627053,-0.7003886582265497,0.3739955382443829,-0.18341916042940684,1.5278576137071194,-0.6973726700561474,-0.08836760888568031,-2.173841731126235,-0.3178694453541006,1.690280714638269,-2.1555393437935977,1.7520400396330251,-2.5469017573684343,2.005503190926262,-1.991815001393939,-0.6208683089941014,-0.3592422825933359,2.248636833346668
-0.2935627820018993,0.9934668200780352,-0.810113589957993,0.18527124922857566,1.341965829522347,0.1304036143710562,0.1647639049986968,-0.4227407654972479,-0.9967197158845303,0.050509499012652094,-0.1985360303760801,0.2669693251529827,1.0898758368296884,-0.05043963808930204,0.7292967942396734,-0.6881754651099946,0.03233160594484868,1.2449753411437732,0.250667093937719,-2.44208199119192,0.11564327342404658,-0.1338920288607333,-0.07505019009615486,1.4035683600152944,1.175362954373062,-0.28038456483347607,-1.8058235331814219,-1.1954526578410454,1.372672484869086,1.6824419786074412
1.5546329469593416,-0.09768963085490774,0.3741719332188342,0.12538378250918564,2.274214566538099,-0.9062373987555233,0.5678100225399135,-0.1184272523365539,-0.3440891823520216,0.8714253652143183,-0.580002059835653,-0.0960737491725699,-0.2211543676856203,1.4143525835698514,0.9019807380638216,-0.545391594378772,-0.5807638257636542,0.032093595160544164,-0.40437506558787445,0.42278513474198565,-1.2781406916914857,0.4734563160823215,-0.8089555217693539,-0.09247431903569228,-1.5269857257665258,2.5963644190771062,-0.6952705127655686,-0.6597221673256156,-0.39304163477424464,0.8177529569719101
0.4111365399328121,0.21738260145710875,-0.15812648090321185,0.766734309269897,-0.6434721293314446,-0.9384200327948384,-1.40826674564208,-1.438807313738969,0.09619804049437786,-0.5790461115043304,2.04515869269419,-2.228262533179446,-1.8900063343455815,0.6712432407798989,0.1754722731065116,-0.32855503785237095,0.2611197281771253,2.0095863276092905,0.004296840140056679,-0.798237677983056,-0.5342719542562617,0.36752239382307805,0.7425318503806148,-1.1674855440016387,-0.2939106473294869,0.3656103462242737,1.1481873965488838,-0.16164509416648937,0.631942537537775,0.3678409516638811
0.5073204675366086,-1.8609439947566206,-0.8957944510928183,-0.16438212458357654,-0.16641328493491714,-0.2332363509569598,-1.6829963641676966,-0.9751459370193557,-0.21543232480085345,-0.9768639934143379,-0.8812547031843042,0.1606469384749585,0.3317256344544841,-1.0734409461659247,-0.7221021271205277,1.9378867597666898,0.3804719849888426,-0.12829315939447947,-1.6434939739449883,2.245123285555021,0.8635161647324104,-0.13574654573111375,0.6528193888134453,0.597947937261037,-1.4402237106976625,1.2216601413025103,1.2473839955922408,0.12917274216103658,0.9789248715683234,0.8359144369109358
-0.3983578302915189,0.3371955561620218,0.8599526873310575,0.7872110248316512,1.8434576773268758,-1.2589815688428767,2.3612079025834385,-0.49951470991997693,0.6072573769023454,0.4571066293316739,0.03049895047317989,-0.5325366528153398,0.6097259126592987,1.1522872633527506,1.0214768843389634,-0.37614340733167134,0.5862140633648945,-0.0415117444666417,-0.09794157132680882,-0.09706563566314852,0.6023600965411504,-0.8566719283740413,0.3587097564470876,0.21839306139174908,0.02539766011808629,-1.399881198109574,0.3228644332476457,0.34581580675519336,0.17554882712338424,0.41369806908747914
1.0729898485557483,-0.9766229589026163,-0.048462844828403115,-0.006170553913706431,0.35109921555196166,-0.11404125280936729,-1.0390544062442202,0.08498435032252546,0.6967990515889592,0.007608375729853453,-1.7769451546921704,1.0063782244949477,0.2854566971782903,1.3774090090843132,0.8845586433854741,1.1856275583061338,-1.7539758722937187,-2.6224304694588083,-0.33015673669923107,1.112114679123026,0.3111725096852864,-1.299957306882406,-1.081983049769821,-0.9639520648633757,-0.06768809292911078,-1.9542623773454866,-0.6720610579213323,0.11123133307361077,-0.4859842569783286,1.1847493253258425
-0.3049270277297273,-1.5631366364441162,-0.3744534732904214,-0.505759029979221,-0.9139429713710819,-0.11857925756109045,-1.4163608559192036,1.8347655770843556,-0.15847540764195384,-0.33131103790623,-0.9216342929773197,0.30380327367442345,-0.606578913415567,-1.5236570434599337,1.3994649464782956,-1.2805536489273464,0.7659254815020439,0.36835345162576577,-0.0861627508216474,0.020663238854351982,0.8273247905874308,1.3888564438701982,-1.2198763702663633,0.07727303283124395,0.1501189952967613,0.41515384225757507,-0.214814437739146,1.1197131239983469,2.570341600161223,-1.0586328506551865
1.9058980818824196,-0.9095386152854458,-1.9814233237566412,-1.3864593613609169,0.13801535868557435,1.09596632729845,1.8524108286344898,-0.2888618693822029,1.6210915541657263,0.21427247690507228,-2.3846864535365118,0.3627614856973893,-0.1919975330643502,1.2099898559503028,0.7785482117082673,0.30975905810596294,-2.1365884208695416,-0.3621698885837766,0.04969388912576928,0.41030934667425184,0.7157187163868022,1.0319612370680047,-1.2189119854053716,-1.339256181016765,0.7850662307610347,0.5881449062114551,-0.9011355747385589,0.46266580349999886,-0.5432859399622316,0.8892323055805619
0.0349278192760997,0.8775196416716986,-0.5669857251361465,1.037061053619363,0.8350370580274562,0.5796341014973858,0.5512078183438432,-0.27505777669585807,-0.7546003934675738,-0.8193851787930008,1.3068230320424197,-2.0790217214722584,-0.024973082863281246,0.23897424737869968,-0.3551563683173241,2.0397607373390434,0.46511123254948494,-0.23278896689369277,-0.005422700437763188,-0.8906535732899312,1.945593095946492,-0.3126184295980956,0.34376040152869647,1.4330331391472622,-0.5016184402915084,-0.17588261286228915,-2.0903579597113917,-0.26377074087527225,-0.3173101748791599,1.5296450466338625
0.218394303110916,-0.13351019964348465,0.671373910273837,-2.0568124676566293,1.7123713442905228,1.2608685168190028,0.3874682356257317,-0.7330878442024238,0.6369674659094975,0.27270447089823113,0.17328947958042273,-0.0433983865645155,0.6568241122228912,0.5509913905570571,0.2906193523406071,-1.668337688875259,0.019319320668841868,-1.1609410333066597,0.9324700929671395,-0.98308296907101,-0.18622322072272482,-0.1131616854190914,0.20729365528569926,0.09472357409282296,-0.08358137638462884,1.2820023953301076,0.15731501454181032,-1.8741745036186355,0.1109386284771202,0.7618343912384176
-1.1306224472164053,-0.9354310067815668,-1.9668973989224843,0.6231984165314172,0.1426902441052046,-0.05923834325985392,-1.7504809581914094,0.5597357974146674,1.5601976162827926,-0.3933225167605973,1.7620482692027386,-0.05724180819766827,0.02721122669795858,-0.31889203825048795,-0.3234793798946416,0.3570700646122848,-0.6866443638729351,-1.1857616540144804,-1.527548712932062,-0.19978753072803554,1.22449384101318,-1.5248234446343978,2.4217916144370664,-0.5132454855193977,-1.3716975911686093,1.4908711117335385,0.8901821114227416,-0.060894739234591544,0.634440946571104,-0.9586526561087956
-0.2900644626207747,0.11491977316907342,-2.08422968144161,-0.13009113612306036,-0.6169844565312321,0.2794679013621892,0.9102505827948035,0.6916906156665473,-1.948484848444521,0.620020190534173,0.06469810575592395,0.6253375676048342,0.5113307819530366,-0.9846211872612858,0.3615863099348519,-0.7963771871444794,1.0444394748491117,-0.2735646814843368,0.5840452528935072,-0.7930831125747458,-1.5041735281484556,0.6868153733964597,0.7179306807217176,1.1783830790636058,0.5464019312946312,0.02254386747804514,-2.179868629595542,1.4713364821282264,-1.0467134490515317,1.4235044577633542
1.8648899664072134,0.27232916697301884,-0.24405451002442113,0.07500282999278299,2.439454028223136,0.33037052783269377,-1.570966011426276,0.7802373454419519,0.09154132142834885,0.2313727720539724,-0.7027265542699871,-0.9628419461430869,1.5752706660009825,-0.11842315110423618,1.0651956040043475,-0.5529498140069711,0.8432177751636578,-0.9052602134344118,-0.14033420303709032,0.12778811396043982,1.7332120546800704,0.6226053741516654,0.16465823659435463,-0.5668113586631336,-0.5353442669742612,-0.6483449291933643,1.6439206516801468,2.5484218564246652,-0.7693495382748727,0.5544106315721791
0.4870022165837386,0.12606904035441335,-0.07967623005780901,-1.0006344094030013,2.074919156778449,2.1021456348107077,0.8684301663767215,0.34142480105029605,0.6077640825132063,-0.5978794611436097,-0.8968410936896097,1.126491171531333,1.2076837286558606,0.08043428033102204,-0.5937496793682049,1.3086776379033989,0.2547886281151557,-0.12215945000138599,-0.5575196388451369,0.05724722796045683,1.315634181549347,0.06378130586385626,1.8325266085517433,-0.07123511872015131,0.06368969810601452,1.6821140868752489,-2.0162803849412545,-1.5103129999738794,1.028981749163074,0.3789767508359011
1.2624147588518113,-0.6208451848682921,-1.335787687336382,0.21185044188157803,-1.6864384188112798,1.4174179052193274,1.6983454463593677,1.0983521864463819,-0.32745943664060634,0.3797179302311406,-2.044404008801227,0.6381785618434154,-0.1469461095216099,0.24114942243290796,-1.1299980864506023,-0.012641996720241458,-0.939979143194238,-0.22785056668739623,1.0722218915757715,-1.6512137231082538,-0.5353578392520504,-0.5219784668205444,-0.029994243669751244,0.35920851503469275,-0.3414000824576062,-1.7640012644087892,0.13455069535856504,0.5280468976644196,1.3338967802894819,1.3101497309023562
-0.14430818672084766,0.4047405470242134,0.5740016784415044,0.5461685672577371,0.0648821164559693,-1.0394331264923982,-1.8121833607754045,0.264758323540645,1.0083990104217178,0.1686199063719066,-0.6841651711354824,0.8789439432011704,-2.2496372771727473,-1.50692467893588,-1.8111067842969202,-0.5669677599275827,-0.9509446348532248,-0.1576020417215393,2.4196994117170667,-1.0713240938413238,-0.7470503503305742,-1.030030487939089,-0.31626118066025194,0.3117507928930087,-0.6504872078566671,1.5660937111515807,0.2872848715036142,-0.696810105044195,0.4464281563586727,-0.07170225832774538
-0.0025193229671976024,0.19208961333032015,0.7255583776504264,-0.6513536096144384,0.19694358647344054,-1.0282812004939643,0.5554015906268152,1.153492135205245,-0.9311075659163325,-1.3396011260809646,-1.4827031954672023,-1.2943861951476416,-0.9560518915685923,-0.3953302877540094,-0.4226660722477026,1.0532209159972135,0.04202911526082715,1.5170713857799132,0.562630946612822,-0.3371938767035299,-0.5021545056271175,-1.2026196218293204,-0.2409952205196518,-0.21842882484515613,-0.43721388389674104,-0.7701419981124663,-1.352803067090965,0.9340113470077631,-0.3518860381043177,-0.8205891716297317
-0.1447130278476098,-1.622206028208533,-0.2015010927105449,0.9308069462214605,1.4228305814363094,-0.17265320309407867,-0.32427003569160234,0.9409870278001929,-0.6467527866095959,-0.609411699782319,0.8763502099285648,-0.5188475143142441,-0.7088243455739981,0.2573337164292374,0.6130000354572165,-0.29614734659898495,0.6588985985037465,1.5458809518672276,0.1074706867698793,1.0130265323572714,-0.42418316863446864,-2.745083961362405,1.128078051297785,-0.9821898565173937,-1.0093672652912724,-0.22249365285132253,1.1598542894012431,0.8285302639948319,-0.2266239313900875,-1.3174429361008064
-0.4146433880760167,0.015452379820110185,-0.6220498620599245,-0.22574863843442403,1.572003305734848,2.293798783988334,0.4025508789439301,2.802414965389942,0.06253761334339303,1.1166006009466993,-0.9779317667147169,-1.4481347972557472,1.393264623853573,0.6016473746050723,-0.16032630177367552,1.3648657210558697,-0.4220928749200169,0.10713783529305945,0.5213589890063219,0.07941160427700739,0.9221643003739955,-0.4438547963349829,-0.9183089932329445,2.639626937507236,0.7353816857977581,0.9975853956203145,1.0490564637264714,1.5202503749821101,-0.7670157934297142,0.014144357184450089
-0.7285768878568089,-0.4791892004043629,0.7009203260758412,-0.8965097198034903,0.5521380096184811,-0.8360501557520171,-0.5255565956965312,0.7823573641080556,-0.21618609989842577,-0.24626012938870726,-1.0666993944427297,0.44147583988414957,0.6119084634654692,-0.8536451322895197,0.13122232009171816,-1.6504673277772008,-1.083612533312521,0.31869457228721276,-0.41092145058254315,-0.25187171240541556,0.33811195515916526,-0.20283551806823513,2.338625484630854,-0.9146427205646654,1.1595048777050105,-0.9814184386211835,-0.45154872073213437,-0.5570965262918484,1.6008773119032103,0.5619549991331827
-0.8457060861807908,-0.23910342666554346,-0.5582701271742508,-0.07342484401254235,1.6161011314170504,0.11699957411633068,0.5364970727213481,-1.250141353897637,-2.405850427723691,0.27060711612388305,-1.3007467616165687,0.013832960694122222,0.6863593626540268,0.9362018407424776,0.6449898209964111,0.22519978231347426,1.3071416358381203,0.1159675183222258,1.811137309557029,0.5734090853291423,-0.7369340160585934,-0.594407236458847,0.18582784178415943,0.6236142216256088,0.6905627016411116,-0.15771020532551422,-0.9427414131887631,-0.871676120894074,0.9428452957641437,0.2065630541996871
-0.2885586281313176,-0.3823485807289968,0.8852033527593195,-0.5678883176759278,0.5846463390541915,2.4169160362077067,1.133597923301571,-2.6451703389792476,1.3087598835951602,0.24453430287777111,0.8088806222198515,1.1180828330369619,1.2213792890256305,-0.4094310618271889,-0.23431953180704868,2.0750892421367606,0.008503072817903131,0.12934154492772987,0.17366535139506598,0.46071557473567765,-0.6154015743707467,0.5182392979093031,-0.9928120644367507,-0.523173284355643,-0.11428088414071251,-0.4474487280876133,1.918023181783444,0.8090708578211128,0.07021488578155193,-0.8000104504372682
-0.26261476605500667,0.03535361453033286,0.7562541605342445,-1.3256356212739888,0.043136767866266655,-0.17991777701856915,0.43512263721808764,-0.6707552002634865,-0.0033106214793533957,-1.3223158781124922,0.09428057793846249,1.1893152669879017,-1.709734832956542,-0.9655329784231907,-0.3191177035815455,-0.6342493129384879,-0.6902115657052124,1.388107461223884,-2.0834751126390607,-0.46079006927435723,-0.2502374387320506,-0.33321631144506453,-0.486329805508015,-1.6192689701542675,1.0579104854120247,0.16627170213806275,1.4798026878316952,0.743746261912348,0.971266907359297,-0.983538467559986
-1.1079604417921283,0.9898393141531528,0.5714614088680345,-0.9597691872988566,1.6477960744662796,0.7972889971187563,-2.505273838040956,0.4745259534693906,0.18222955515829226,0.3783754224687426,-0.8153107976720342,0.07347317546033116,-0.18339976213126738,-0.6231873711272472,0.8776666229409612,-1.8620271767474923,0.484403466462802,-0.13728173304122368,1.4937266920166243,-1.545155807732311,-0.35102621453150407,-0.9442019331679856,0.17332156472043414,-0.5521643388452475,0.9854250767245165,1.4503501156190177,-0.6524170708605261,-0.31704428906266796,-0.8574261903908407,1.4266149199892335
1.3697913763742282,-0.20094799441548522,0.05007463263464314,-0.7403121272471959,-1.2910534135896596,0.7457569636906248,-0.390525076062745,-0.8718113746881687,0.8736582108714211,1.510311682371525,-0.659963843666932,-0.76124903848159,0.4308865158113797,-0.469043504344755,0.5475714259744614,-0.6078389994385053,1.8101760745855024,0.17071129962540363,0.8211709592903276,-0.3733650216508722,-0.14502186649631554,0.1432662502500477,-0.7458285869129971,0.781463448691863,-0.12784914821875157,-0.12654523697256556,0.9597092417818677,0.9964696373269681,1.9584622004798575,-0.2258930439316307
1.3129291486335066,1.3704906813977584,0.9869136828388207,1.8314574567475304,0.6678162239805574,0.19923932464019647,-0.015033076799683659,0.6559131646582436,2.2047360258827644,-0.7933038168524945,0.5283837231240611,-1.0144252900342134,-0.3707580025009189,-1.878310406995972,-0.8156855038234768,0.6938471734930679,-0.9126269321386341,-0.9528474211006798,2.199476047856048,0.23167014647196302,-0.26288316005600415,-1.289687154199647,1.2934008191035684,-2.110676807106043,-0.9519663629326407,1.524653065179025,0.31292298418066944,0.3833593472702135,1.5117813346926499,0.5074982097481887
1.3136224045198628,0.7168070391350408,0.3666730952266187,-0.3280939804457202,0.23892512285182851,0.19052575468073804,-0.6480380902157173,-0.6646805255321971,-0.7133668118415192,0.17284223000874988,0.7725487004921667,1.0329865382253618,-0.840714875795581,-0.6825491313709833,0.9180078298993308,1.075847616350759,-0.07713615138250068,-0.17507366155447057,0.9584871031566169,1.5332551705850572,0.004386011502170672,-0.11916590679091855,-0.08852906606508425,0.06292867597803276,-0.9236294930901872,0.23833206426491874,-0.9531124456247368,0.17003663977980152,1.321529672601437,0.26091346210259986
-1.0610619827719372,0.01628971915802943,-0.42456329338560284,0.25849277129898574,0.7172270043683144,0.17487868228333375,-1.3209082965493044,-0.19042983692294843,0.7850919483736322,0.8148937827696185,1.0271318077557217,0.8430568546052836,0.02407905795334018,0.38918736315783736,-1.2922686940653776,-0.5742568659244036,0.7723452963419037,-0.4608618855419959,-1.403815814287833,0.3091540407032405,1.5431740808068561,-1.3287826580519628,-1.112179184471867,0.29319405166863066,-0.9279998460482745,1.8816366749006965,-0.4364889226126915,-3.1727981179211473,-0.04677750587838582,-0.7675142438862074
-0.29294846208047637,-1.5604830184226433,-0.24931376455314302,1.475333265387607,-1.618911651760195,-1.2681160146240997,-0.8002284554250143,-0.8121631333312617,1.198623038120088,-0.664779726728391,-0.008807345241372087,0.2263484835327586,-0.9380710992162805,-0.46719248329673896,0.534535336883324,-0.03822206848396235,0.3821973291721997,-1.5926468206835496,-0.8616499968658794,0.6059354048427494,-0.058502054523845874,0.06163783057031295,-0.4241401089812677,0.8795931445681003,-1.5047104258821957,0.07557017823630802,0.01766890617244181,0.4737827766580377,-0.33704170649045745,0.6199739294053953
-0.7037086569721538,-0.4160514169763763,-1.952218374363134,0.3237070421429676,-1.2611592105825966,-2.3829541160820753,0.7692764074356552,-0.4973283638483159,-0.1556770304044253,1.0959706875218684,-1.721460696188764,2.0877677522061706,-1.0692782546318857,0.2761628748892323,-1.4540078248870718,-2.0514958232371825,1.4308315883542457,-0.33948837867084425,-0.5303770838067615,-0.5672440333058411,0.6798944373744638,0.34761409650782277,-2.0718303543497174,0.5671874222881387,1.1972354957639126,1.3644372181855793,-0.06644388825524734,2.2519082488142184,-0.23476125249708846,1.2030639137659733
